"Google Australia (Melbourne, Victoria, Australia), interface language: English"
Keyword,URL,Tags,"Search vol.",2026-05-30,2026-05-31,2026-06-01,2026-06-02,2026-06-03
"Family law mediation",https://mediationsaustralia.com.au/melbourne-mediation/,Focus,10,35,34,26,33,45
Mediation,https://mediationsaustralia.com.au/family-mediation-process-guide/,,9900,14,16,14,21,30
Mediators,https://mediationsaustralia.com.au/,Focus,14800,13,15,15,16,25
"Brisbane mediation",https://mediationsaustralia.com.au/,Focus,390,39,49,48,48,37
"Sydney mediation",https://mediationsaustralia.com.au/sydney-mediation/,Focus,170,35,37,38,36,34
"Melbourne mediation",https://mediationsaustralia.com.au/,Focus,210,39,34,40,35,36
"Perth mediation",https://mediationsaustralia.com.au/perth-mediation/,Focus,390,44,28,31,30,45
"Find a mediator",https://mediationsaustralia.com.au/melbourne-mediation/,,30,15,16,25,16,14
"Best mediators",https://mediationsaustralia.com.au/,,10,20,16,16,21,22
"Mediation parenting matters",https://mediationsaustralia.com.au/family-court-mediation-process/,,0,34,17,19,46,34
"Mediation property matters",https://mediationsaustralia.com.au/what-to-expect-at-a-family-law-mediation-for-property-division/,,0,29,15,15,16,21
"Family law mediation Australia",https://mediationsaustralia.com.au/,,10,8,8,8,8,8
"Adelaide Mediation",https://mediationsaustralia.com.au/adelaide-mediation/,,0,13,12,16,15,16
"Cairns Mediation",https://mediationsaustralia.com.au/cairns-mediation/,,0,17,18,18,19,18
"Canberra Mediation",https://mediationsaustralia.com.au/canberra-mediation/,,70,29,17,17,17,26
"Darwin Mediation",https://mediationsaustralia.com.au/darwin-mediation/,,0,7,12,15,16,9
"Gold Coast Mediation",https://mediationsaustralia.com.au/gold-coast-mediation/,,210,29,25,19,22,27
"Hobart Mediation",https://mediationsaustralia.com.au/hobart-mediation/,,0,4,14,14,14,4
"Rockhampton Mediation",https://mediationsaustralia.com.au/rockhampton-mediation/,,10,1,4,4,4,1
"Toowoomba Mediation",https://mediationsaustralia.com.au/toowoomba-mediation/,,0,3,4,4,4,4
"Townsville Mediation",https://mediationsaustralia.com.au/townsville-mediation/,,0,23,23,25,25,17
"Sunshine Coast Mediation",https://mediationsaustralia.com.au/sunshine-coast-mediation/,,210,3,20,21,21,3
"Wollongong Mediation",https://mediationsaustralia.com.au/wollongong-mediation/,,40,3,17,17,19,3
"Geelong Mediation",https://mediationsaustralia.com.au/geelong-mediation/,,0,3,3,3,3,3
"Launceston Mediation",https://mediationsaustralia.com.au/launceston-mediation/,,0,38,1,8,1,10
"Mackay Mediation",https://mediationsaustralia.com.au/mackay-mediation/,,0,3,3,3,3,3
"Newcastle Mediation",https://mediationsaustralia.com.au/newcastle-mediation/,,70,38,34,36,33,37
"Bendigo Mediation",https://mediationsaustralia.com.au/bendigo-mediation/,,70,3,3,3,3,3
"Coffs Harbour Mediation",https://mediationsaustralia.com.au/coffs-harbour-mediation/,,0,6,1,1,1,6
"Perth Family Lawyers",https://mediationsaustralia.com.au/perth-family-lawyers/,,3600,-,-,-,-,-
"Canberra Family Lawyers",https://mediationsaustralia.com.au/canberra-family-lawyers/,,10,33,33,33,34,45
"Online Divorce",https://mediationsaustralia.com.au/online-divorce/,,720,19,19,20,22,21
"Property Settlement Mediation",https://mediationsaustralia.com.au/how-to-resolve-your-property-settlement-with-mediation-in-australia/,,210,13,17,18,18,19
"Co-Parenting Mediation",https://mediationsaustralia.com.au/what-is-child-custody-mediation/,,30,13,13,13,12,12
"The Different Ways to Resolve Family Law Disputes",https://mediationsaustralia.com.au/high-conflict-family-law-mediation/,,0,42,47,55,38,39
"Binding Financial Agreements",https://mediationsaustralia.com.au/binding-financial-agreement/,,40,-,-,-,-,-
"Different Between Mediation & Collaborative Law",https://mediationsaustralia.com.au/mediation-vs-collaborative-law/,,0,1,1,1,1,1
"What is a DVO",https://mediationsaustralia.com.au/what-is-a-dvo-how-to-apply-for-a-domestic-violence-order/,,390,24,17,12,13,25
"Different Between Parenting Mediation or Custody Mediation",https://mediationsaustralia.com.au/what-you-need-to-know-about-parenting-plans/,,0,20,1,1,1,22
"Difference Between Separation and Divorce",https://mediationsaustralia.com.au/separation-or-divorce-which-is-better/,,170,34,-,45,41,40
"Separation Agreements",https://mediationsaustralia.com.au/the-marriage-separation-process-in-nsw/,,320,14,13,13,14,84
"Intervention orders",https://mediationsaustralia.com.au/intervention-orders/,,2900,-,-,-,-,-
"What is an Intervention Order",https://mediationsaustralia.com.au/intervention-orders/,,0,-,-,-,-,-
"Surrogacy Laws in Australia",https://mediationsaustralia.com.au/surrogacy-laws-in-australia-2024/,,260,31,27,35,37,33
"Role of lawyers in Mediation",https://mediationsaustralia.com.au/the-role-of-the-lawyer-in-mediation/,,10,63,29,14,31,66
"What is a Section 60I Certificate?",https://mediationsaustralia.com.au/what-is-a-section-60i-certificate-why-do-i-need-one/,,0,56,57,60,58,58
"How Does Divorce Impact My Business?",https://mediationsaustralia.com.au/what-happens-to-business-in-divorce/,,0,52,2,2,2,-
"Online Divorce Form",https://mediationsaustralia.com.au/application-for-divorce/,,30,10,16,27,16,21
"Apply Divorce Online",https://mediationsaustralia.com.au/application-for-divorce/,,480,16,25,25,26,-
"Rights During Legal Separation",https://mediationsaustralia.com.au/what-am-i-entitled-to-in-a-separation/,,0,70,-,72,71,69
"rules of separation in marriage",https://mediationsaustralia.com.au/the-marriage-separation-process-in-nsw/,,50,11,60,55,65,13
"what is partial & full mediation",https://mediationsaustralia.com.au/family-mediation-process-guide/,,0,-,-,-,-,-
"What is mediation?",https://mediationsaustralia.com.au/what-is-mediation-in-family-law/,,0,63,70,34,39,57
"Is Mediation Expensive?",https://mediationsaustralia.com.au/is-mediation-expensive/,,0,3,2,2,1,3
"cost of mediation",https://mediationsaustralia.com.au/costs-of-mediation/,,140,7,2,2,2,6
"What is the cost of mediation",https://mediationsaustralia.com.au/costs-of-mediation/,,10,7,3,2,2,11
"Preparing for Mediation",https://mediationsaustralia.com.au/preparing-for-mediation/,,30,1,1,1,1,1
"What is the Difference Between Litigation & Mediation",https://mediationsaustralia.com.au/mediation-or-litigation-what-is-the-best/,,0,38,19,-,-,42
"Matrimonial Property Pool",https://mediationsaustralia.com.au/what-is-included-in-a-matrimonial-property-pool/,,0,3,5,5,10,3
"Difference Between a De Facto Relationship and Marriage",https://mediationsaustralia.com.au/whats-the-difference-between-a-de-facto-relationship-and-marriage/,,0,59,30,27,34,62
"Property Settlement Dispute",https://mediationsaustralia.com.au/property-settlement-in-family-law/,,0,32,19,17,19,19
"Simple Mediation Agreements",https://mediationsaustralia.com.au/are-mediation-agreements-legally-binding/,,0,40,36,36,35,35
"Difference Between Mediation & Conciliation",https://mediationsaustralia.com.au/difference-between-mediation-conciliation/,,0,2,2,2,3,2
"How to Convince Your Ex-Partner to Do Mediation",https://mediationsaustralia.com.au/how-to-convince-your-ex-partner-to-do-mediation/,,0,1,1,2,1,1
"Financial Agreements Mediation",https://mediationsaustralia.com.au/financial-agreements-mediation/,,0,1,1,1,1,1
"Property Settlements Work",https://mediationsaustralia.com.au/how-property-settlements-work/,,0,-,-,26,-,-
"What am I entitled to in a separation Australia?",https://mediationsaustralia.com.au/what-am-i-entitled-to-in-a-separation/,,0,28,21,22,-,34
"Restraining Order Divorce",https://mediationsaustralia.com.au/what-is-a-restraining-order/,,10,16,10,11,10,15
"Benefits of Using Mediation for Child Custody Disputes",https://mediationsaustralia.com.au/what-is-child-custody-mediation/,,0,5,1,1,1,9
"Costs of judicial proceedings",https://mediationsaustralia.com.au/costs-of-going-to-court/,,0,-,-,68,-,-
"De Facto Relationships",https://mediationsaustralia.com.au/de-facto-relationships/,,9900,-,-,-,-,-
"Divorce Application",https://mediationsaustralia.com.au/application-for-divorce/,,4400,23,22,23,23,23
"Parent Mediation",https://mediationsaustralia.com.au/family-court-mediation-process/,,140,37,41,39,50,23
"Five Benefits of Using Mediation to Resolve Divorce",https://mediationsaustralia.com.au/five-benefits-of-using-mediation-to-resolve-divorce-issues/,,0,2,1,1,1,2
"Consent Orders",https://mediationsaustralia.com.au/consent-orders-2025-update/,,2400,32,26,26,27,20
"What is a DVO?",https://mediationsaustralia.com.au/what-is-a-dvo-how-to-apply-for-a-domestic-violence-order/,,0,30,12,12,14,30
"What is Common Questions About Mediation",https://mediationsaustralia.com.au/the-7-most-common-questions-about-mediation/,,0,6,1,1,1,5
"Family law Separation Agreements",https://mediationsaustralia.com.au/family-law-separation-agreements-the-2024-guide/,,0,5,5,5,5,15
"What is Mediation Cost",https://mediationsaustralia.com.au/costs-of-mediation/,,0,13,3,3,2,13
"can an ex wife claim after divorce",https://mediationsaustralia.com.au/can-my-ex-wife-claim-money-after-divorce-in-australia/,,20,2,2,2,2,2
"Tips for Preparing for mediation",https://mediationsaustralia.com.au/preparing-for-mediation/,,0,1,1,1,1,1
"Section 60i Certificate",https://mediationsaustralia.com.au/what-is-a-section-60i-certificate-why-do-i-need-one/,,720,-,44,-,57,57
"How to Resolve Family Law Disputes",https://mediationsaustralia.com.au/mediation-in-family-law-a-comprehensive-guide/,,0,33,40,47,46,42
"Divorce Cost in Australia",https://mediationsaustralia.com.au/cost-of-divorce-in-australia/,,390,31,18,19,19,34
"What's the Role of Lawyers in Mediation",https://mediationsaustralia.com.au/the-role-of-the-lawyer-in-mediation/,,0,25,31,31,30,30
"How to Resolve Family Law Disputes online",https://mediationsaustralia.com.au/perth-mediation/,,0,79,75,74,86,62
"is family law mediation compulsory",https://mediationsaustralia.com.au/is-family-law-mediation-compulsory/,,0,28,24,23,25,33
"Parenting Mediation",https://mediationsaustralia.com.au/family-court-mediation-process/,,140,50,52,53,56,47
"Property Settlement Cases",https://mediationsaustralia.com.au/property-settlement-in-family-law/,,0,32,32,31,28,39
"Mediation vs. Collaboration",https://mediationsaustralia.com.au/collaborative-family-lawyers/,,0,12,2,2,2,12
"How Do I Get a Divorce",https://mediationsaustralia.com.au/application-for-divorce/,,90,44,44,43,44,-
"Child Custody Mediation",https://mediationsaustralia.com.au/what-is-child-custody-mediation/,,140,32,10,9,9,9
"family lawyers Brisbane",https://mediationsaustralia.com.au/brisbane-family-lawyers/,,10,-,-,-,-,-
"Adelaide family lawyers",https://mediationsaustralia.com.au/adelaide-family-lawyers/,,10,-,-,-,-,-
"Perth Family Lawyers",https://mediationsaustralia.com.au/perth-family-lawyers/,,3600,-,-,-,-,-
"separated under one roof",https://mediationsaustralia.com.au/separated-under-one-roof/,,1600,7,8,5,5,7
"breach of family court order",https://mediationsaustralia.com.au/what-happens-if-you-breach-a-family-court-order/,,110,-,-,-,-,-
"parental alienation australia",https://mediationsaustralia.com.au/parental-alienation-australia-dont-let-your-ex-destroy-your-childs-love-for-you/,,480,27,20,21,24,29
"consent order",https://mediationsaustralia.com.au/consent-orders-2025-update/,,1300,22,23,18,18,16
"mediation with a narcissist",https://mediationsaustralia.com.au/mediation-with-a-narcissist/,,30,2,2,2,2,2
"spousal maintenance",https://mediationsaustralia.com.au/spousal-maintenance/,,110,70,75,-,-,73
"what is an avo",https://mediationsaustralia.com.au/what-is-an-avo/,,50,68,67,65,80,71
"cost of divorce",https://mediationsaustralia.com.au/cost-of-divorce-in-australia/,,170,34,18,34,19,37
"australia lgbt marriage",https://mediationsaustralia.com.au/australia-lgbt-marriage-mediation/,,10,5,5,5,5,5
"same sex divorce Australia",https://mediationsaustralia.com.au/same-sex-divorce-in-australia/,,10,5,2,2,2,6

"Google Australia (Brisbane, Queensland, Australia), interface language: English"
Keyword,URL,Tags,"Search vol.",2026-05-30,2026-05-31,2026-06-01,2026-06-02,2026-06-03
"Family law mediation",https://mediationsaustralia.com.au/mediation-in-family-law-a-comprehensive-guide/,Focus,10,31,41,44,50,50
Mediation,https://mediationsaustralia.com.au/,,9900,2,4,5,5,2
Mediators,https://mediationsaustralia.com.au/,Focus,14800,1,1,1,1,1
"Brisbane mediation",https://mediationsaustralia.com.au/,Focus,390,12,24,30,31,14
"Sydney mediation",https://mediationsaustralia.com.au/sydney-mediation/,Focus,170,34,38,37,37,34
"Melbourne mediation",https://mediationsaustralia.com.au/melbourne-mediation/,Focus,210,39,34,35,34,48
"Perth mediation",https://mediationsaustralia.com.au/perth-mediation/,Focus,390,31,-,30,30,44
"Find a mediator",https://mediationsaustralia.com.au/,,30,4,4,5,5,4
"Best mediators",https://mediationsaustralia.com.au/,,10,3,4,4,3,2
"Mediation parenting matters",https://mediationsaustralia.com.au/parenting-plan-mediation/,,0,42,16,23,25,49
"Mediation property matters",https://mediationsaustralia.com.au/,,0,2,2,2,15,2
"Family law mediation Australia",https://mediationsaustralia.com.au/,,10,2,3,3,3,2
"Adelaide Mediation",https://mediationsaustralia.com.au/adelaide-mediation/,,0,12,13,18,15,15
"Cairns Mediation",https://mediationsaustralia.com.au/,,0,20,23,23,23,18
"Canberra Mediation",https://mediationsaustralia.com.au/canberra-mediation/,,70,29,17,17,17,28
"Darwin Mediation",https://mediationsaustralia.com.au/darwin-mediation/,,0,7,4,4,4,9
"Gold Coast Mediation",https://mediationsaustralia.com.au/gold-coast-mediation/,,210,24,25,23,19,21
"Hobart Mediation",https://mediationsaustralia.com.au/hobart-mediation/,,0,4,13,13,13,4
"Rockhampton Mediation",https://mediationsaustralia.com.au/rockhampton-mediation/,,10,1,4,4,3,1
"Toowoomba Mediation",https://mediationsaustralia.com.au/toowoomba-mediation/,,0,4,4,4,4,4
"Townsville Mediation",https://mediationsaustralia.com.au/townsville-mediation/,,0,25,25,27,28,17
"Sunshine Coast Mediation",https://mediationsaustralia.com.au/sunshine-coast-mediation/,,210,3,6,6,6,3
"Wollongong Mediation",https://mediationsaustralia.com.au/wollongong-mediation/,,40,3,16,15,16,3
"Geelong Mediation",https://mediationsaustralia.com.au/geelong-mediation/,,0,9,8,9,9,9
"Launceston Mediation",https://mediationsaustralia.com.au/,,0,5,8,8,8,5
"Mackay Mediation",https://mediationsaustralia.com.au/mackay-mediation/,,0,3,5,5,5,3
"Newcastle Mediation",https://mediationsaustralia.com.au/newcastle-mediation/,,70,-,34,36,35,37
"Bendigo Mediation",https://mediationsaustralia.com.au/bendigo-mediation/,,70,5,4,4,4,5
"Coffs Harbour Mediation",https://mediationsaustralia.com.au/coffs-harbour-mediation/,,0,6,1,1,1,6
"Perth Family Lawyers",https://mediationsaustralia.com.au/perth-family-lawyers/,,3600,-,-,-,-,-
"Canberra Family Lawyers",https://mediationsaustralia.com.au/canberra-family-lawyers/,,10,42,33,34,37,41
"Online Divorce",https://mediationsaustralia.com.au/online-divorce/,,720,43,17,18,17,20
"Property Settlement Mediation",https://mediationsaustralia.com.au/how-to-resolve-your-property-settlement-with-mediation-in-australia/,,210,11,15,16,16,22
"Co-Parenting Mediation",https://mediationsaustralia.com.au/what-is-child-custody-mediation/,,30,13,13,14,15,11
"The Different Ways to Resolve Family Law Disputes",https://mediationsaustralia.com.au/high-conflict-family-law-mediation/,,0,11,19,-,43,14
"Binding Financial Agreements",https://mediationsaustralia.com.au/binding-financial-agreement/,,40,-,-,-,-,-
"Different Between Mediation & Collaborative Law",https://mediationsaustralia.com.au/mediation-vs-collaborative-law/,,0,1,1,1,1,4
"What is a DVO",https://mediationsaustralia.com.au/what-is-a-dvo-how-to-apply-for-a-domestic-violence-order/,,390,16,19,19,22,23
"Different Between Parenting Mediation or Custody Mediation",https://mediationsaustralia.com.au/what-you-need-to-know-about-parenting-plans/,,0,19,1,1,1,19
"Difference Between Separation and Divorce",https://mediationsaustralia.com.au/separation-or-divorce-which-is-better/,,170,31,50,50,50,36
"Separation Agreements",https://mediationsaustralia.com.au/family-law-separation-agreements-the-2024-guide/,,320,14,15,13,15,15
"Intervention orders",https://mediationsaustralia.com.au/intervention-orders/,,2900,-,-,-,-,-
"What is an Intervention Order",https://mediationsaustralia.com.au/intervention-orders/,,0,-,-,-,-,-
"Surrogacy Laws in Australia",https://mediationsaustralia.com.au/surrogacy-laws-in-australia-2024/,,260,18,36,29,36,33
"Role of lawyers in Mediation",https://mediationsaustralia.com.au/the-role-of-the-lawyer-in-mediation/,,10,60,25,26,27,65
"What is a Section 60I Certificate?",https://mediationsaustralia.com.au/what-is-a-section-60i-certificate-why-do-i-need-one/,,0,42,59,58,59,60
"How Does Divorce Impact My Business?",https://mediationsaustralia.com.au/what-happens-to-business-in-divorce/,,0,52,2,2,2,57
"Online Divorce Form",https://mediationsaustralia.com.au/application-for-divorce/,,30,19,18,30,15,20
"Apply Divorce Online",https://mediationsaustralia.com.au/application-for-divorce/,,480,17,12,23,44,16
"Rights During Legal Separation",https://mediationsaustralia.com.au/what-am-i-entitled-to-in-a-separation/,,0,68,69,68,79,72
"rules of separation in marriage",https://mediationsaustralia.com.au/the-marriage-separation-process-in-nsw/,,50,27,65,62,69,16
"what is partial & full mediation",https://mediationsaustralia.com.au/family-mediation-process-guide/,,0,-,-,-,-,-
"What is mediation?",https://mediationsaustralia.com.au/what-is-mediation-in-family-law/,,0,62,43,50,48,67
"Is Mediation Expensive?",https://mediationsaustralia.com.au/is-mediation-expensive/,,0,3,2,2,2,3
"cost of mediation",https://mediationsaustralia.com.au/costs-of-mediation/,,140,7,3,3,3,7
"What is the cost of mediation",https://mediationsaustralia.com.au/costs-of-mediation/,,10,6,3,3,3,15
"Preparing for Mediation",https://mediationsaustralia.com.au/preparing-for-mediation/,,30,2,1,1,1,2
"What is the Difference Between Litigation & Mediation",https://mediationsaustralia.com.au/mediation-or-litigation-what-is-the-best/,,0,37,17,61,-,42
"Matrimonial Property Pool",https://mediationsaustralia.com.au/what-is-included-in-a-matrimonial-property-pool/,,0,7,4,4,4,3
"Difference Between a De Facto Relationship and Marriage",https://mediationsaustralia.com.au/whats-the-difference-between-a-de-facto-relationship-and-marriage/,,0,60,30,31,32,30
"Property Settlement Dispute",https://mediationsaustralia.com.au/property-settlement-in-family-law/,,0,31,19,19,17,19
"Simple Mediation Agreements",https://mediationsaustralia.com.au/are-mediation-agreements-legally-binding/,,0,40,36,36,36,42
"Difference Between Mediation & Conciliation",https://mediationsaustralia.com.au/difference-between-mediation-conciliation/,,0,2,2,2,2,2
"How to Convince Your Ex-Partner to Do Mediation",https://mediationsaustralia.com.au/how-to-convince-your-ex-partner-to-do-mediation/,,0,1,1,1,1,1
"Financial Agreements Mediation",https://mediationsaustralia.com.au/financial-agreements-mediation/,,0,1,1,1,1,1
"Property Settlements Work",https://mediationsaustralia.com.au/how-property-settlements-work/,,0,-,26,-,25,-
"What am I entitled to in a separation Australia?",https://mediationsaustralia.com.au/what-am-i-entitled-to-in-a-separation/,,0,32,19,20,21,34
"Restraining Order Divorce",https://mediationsaustralia.com.au/what-is-a-restraining-order/,,10,15,15,20,15,41
"Benefits of Using Mediation for Child Custody Disputes",https://mediationsaustralia.com.au/what-is-child-custody-mediation/,,0,7,1,1,1,9
"Costs of judicial proceedings",https://mediationsaustralia.com.au/costs-of-going-to-court/,,0,58,73,-,-,-
"De Facto Relationships",https://mediationsaustralia.com.au/de-facto-relationships/,,9900,-,-,-,-,-
"Divorce Application",https://mediationsaustralia.com.au/application-for-divorce/,,4400,22,22,25,24,24
"Parent Mediation",https://mediationsaustralia.com.au/family-court-mediation-process/,,140,23,30,31,39,23
"Five Benefits of Using Mediation to Resolve Divorce",https://mediationsaustralia.com.au/five-benefits-of-using-mediation-to-resolve-divorce-issues/,,0,2,1,1,1,2
"Consent Orders",https://mediationsaustralia.com.au/consent-orders-2025-update/,,2400,17,27,26,26,19
"What is a DVO?",https://mediationsaustralia.com.au/what-is-a-dvo-how-to-apply-for-a-domestic-violence-order/,,0,20,19,16,18,22
"What is Common Questions About Mediation",https://mediationsaustralia.com.au/the-7-most-common-questions-about-mediation/,,0,5,1,1,1,6
"Family law Separation Agreements",https://mediationsaustralia.com.au/family-law-separation-agreements-the-2024-guide/,,0,13,5,14,5,20
"What is Mediation Cost",https://mediationsaustralia.com.au/costs-of-mediation/,,0,25,3,3,3,10
"can an ex wife claim after divorce",https://mediationsaustralia.com.au/can-my-ex-wife-claim-money-after-divorce-in-australia/,,20,2,2,2,2,2
"Tips for Preparing for mediation",https://mediationsaustralia.com.au/preparing-for-mediation/,,0,1,1,1,1,1
"Section 60i Certificate",https://mediationsaustralia.com.au/section-601-certificate-mediation/,,720,44,-,-,61,51
"How to Resolve Family Law Disputes",https://mediationsaustralia.com.au/mediation-in-family-law-a-comprehensive-guide/,,0,25,36,59,42,49
"Divorce Cost in Australia",https://mediationsaustralia.com.au/divorce-fees-in-australia/,,390,20,18,19,18,35
"What's the Role of Lawyers in Mediation",https://mediationsaustralia.com.au/mediation/,,0,36,5,6,29,25
"How to Resolve Family Law Disputes online",https://mediationsaustralia.com.au/perth-mediation/,,0,61,71,72,-,-
"is family law mediation compulsory",https://mediationsaustralia.com.au/is-family-law-mediation-compulsory/,,0,30,36,29,28,33
"Parenting Mediation",https://mediationsaustralia.com.au/parenting-plan-mediation/,,140,46,51,21,23,40
"Property Settlement Cases",https://mediationsaustralia.com.au/property-settlement-in-family-law/,,0,26,25,26,26,43
"Mediation vs. Collaboration",https://mediationsaustralia.com.au/collaborative-family-lawyers/,,0,13,2,2,1,13
"How Do I Get a Divorce",https://mediationsaustralia.com.au/application-for-divorce/,,90,43,50,47,51,-
"Child Custody Mediation",https://mediationsaustralia.com.au/what-is-child-custody-mediation/,,140,11,11,11,11,12
"family lawyers Brisbane",https://mediationsaustralia.com.au/brisbane-family-lawyers/,,10,-,-,-,-,-
"Adelaide family lawyers",https://mediationsaustralia.com.au/adelaide-family-lawyers/,,10,-,-,-,-,-
"Perth Family Lawyers",https://mediationsaustralia.com.au/perth-family-lawyers/,,3600,-,-,-,-,-
"separated under one roof",https://mediationsaustralia.com.au/separated-under-one-roof/,,1600,5,5,8,5,4
"breach of family court order",https://mediationsaustralia.com.au/what-happens-if-you-breach-a-family-court-order/,,110,-,-,-,-,-
"parental alienation australia",https://mediationsaustralia.com.au/parental-alienation-australia-dont-let-your-ex-destroy-your-childs-love-for-you/,,480,28,21,21,23,29
"consent order",https://mediationsaustralia.com.au/consent-orders-2025-update/,,1300,18,-,15,16,16
"mediation with a narcissist",https://mediationsaustralia.com.au/mediation-with-a-narcissist/,,30,2,2,2,2,2
"spousal maintenance",https://mediationsaustralia.com.au/spousal-maintenance/,,110,74,-,83,-,77
"what is an avo",https://mediationsaustralia.com.au/what-is-an-avo/,,50,78,58,59,81,69
"cost of divorce",https://mediationsaustralia.com.au/cost-of-divorce-in-australia/,,170,32,19,17,19,36
"australia lgbt marriage",https://mediationsaustralia.com.au/australia-lgbt-marriage-mediation/,,10,5,5,5,5,5
"same sex divorce Australia",https://mediationsaustralia.com.au/same-sex-divorce-in-australia/,,10,5,2,2,2,5

"Google Australia (Adelaide, South Australia, Australia), interface language: English"
Keyword,URL,Tags,"Search vol.",2026-05-30,2026-05-31,2026-06-01,2026-06-02,2026-06-03
"Family law mediation",https://mediationsaustralia.com.au/adelaide-mediation/,Focus,10,8,8,9,9,10
Mediation,https://mediationsaustralia.com.au/adelaide-mediation/,,9900,27,13,14,9,16
Mediators,https://mediationsaustralia.com.au/adelaide-mediation/,Focus,14800,18,14,11,7,51
"Brisbane mediation",https://mediationsaustralia.com.au/brisbane-mediation/,Focus,390,37,48,48,47,20
"Sydney mediation",https://mediationsaustralia.com.au/sydney-mediation/,Focus,170,34,37,35,36,33
"Melbourne mediation",https://mediationsaustralia.com.au/melbourne-mediation/,Focus,210,32,39,34,35,20
"Perth mediation",https://mediationsaustralia.com.au/perth-mediation/,Focus,390,36,29,30,31,43
"Find a mediator",https://mediationsaustralia.com.au/adelaide-mediation/,,30,19,4,13,13,22
"Best mediators",https://mediationsaustralia.com.au/,,10,-,8,8,12,16
"Mediation parenting matters",https://mediationsaustralia.com.au/family-court-mediation-process/,,0,32,24,22,14,38
"Mediation property matters",https://mediationsaustralia.com.au/mediation-in-property-settlement-cases/,,0,17,29,9,5,21
"Family law mediation Australia",https://mediationsaustralia.com.au/,,10,8,4,4,4,7
"Adelaide Mediation",https://mediationsaustralia.com.au/adelaide-mediation/,,0,17,17,18,17,17
"Cairns Mediation",https://mediationsaustralia.com.au/cairns-mediation/,,0,16,13,14,15,18
"Canberra Mediation",https://mediationsaustralia.com.au/canberra-mediation/,,70,16,17,19,17,29
"Darwin Mediation",https://mediationsaustralia.com.au/darwin-mediation/,,0,7,11,16,15,9
"Gold Coast Mediation",https://mediationsaustralia.com.au/gold-coast-mediation/,,210,30,26,24,24,27
"Hobart Mediation",https://mediationsaustralia.com.au/hobart-mediation/,,0,4,5,4,14,4
"Rockhampton Mediation",https://mediationsaustralia.com.au/rockhampton-mediation/,,10,1,3,3,3,1
"Toowoomba Mediation",https://mediationsaustralia.com.au/toowoomba-mediation/,,0,4,4,4,4,4
"Townsville Mediation",https://mediationsaustralia.com.au/townsville-mediation/,,0,17,24,24,24,15
"Sunshine Coast Mediation",https://mediationsaustralia.com.au/sunshine-coast-mediation/,,210,3,22,23,21,3
"Wollongong Mediation",https://mediationsaustralia.com.au/wollongong-mediation/,,40,3,17,16,16,3
"Geelong Mediation",https://mediationsaustralia.com.au/geelong-mediation/,,0,9,8,8,9,9
"Launceston Mediation",https://mediationsaustralia.com.au/launceston-mediation/,,0,34,8,8,8,12
"Mackay Mediation",https://mediationsaustralia.com.au/mackay-mediation/,,0,3,3,5,5,3
"Newcastle Mediation",https://mediationsaustralia.com.au/newcastle-mediation/,,70,35,36,34,34,39
"Bendigo Mediation",https://mediationsaustralia.com.au/bendigo-mediation/,,70,4,4,4,3,5
"Coffs Harbour Mediation",https://mediationsaustralia.com.au/coffs-harbour-mediation/,,0,2,1,1,1,6
"Perth Family Lawyers",https://mediationsaustralia.com.au/perth-family-lawyers/,,3600,62,-,-,-,-
"Canberra Family Lawyers",https://mediationsaustralia.com.au/canberra-family-lawyers/,,10,42,34,34,35,41
"Online Divorce",https://mediationsaustralia.com.au/online-divorce/,,720,20,21,23,13,20
"Property Settlement Mediation",https://mediationsaustralia.com.au/how-to-resolve-your-property-settlement-with-mediation-in-australia/,,210,12,11,12,12,20
"Co-Parenting Mediation",https://mediationsaustralia.com.au/what-is-child-custody-mediation/,,30,12,9,7,7,12
"The Different Ways to Resolve Family Law Disputes",https://mediationsaustralia.com.au/high-conflict-family-law-mediation/,,0,24,36,36,65,38
"Binding Financial Agreements",https://mediationsaustralia.com.au/binding-financial-agreement/,,40,-,-,-,-,-
"Different Between Mediation & Collaborative Law",https://mediationsaustralia.com.au/mediation-vs-collaborative-law/,,0,1,1,1,1,1
"What is a DVO",https://mediationsaustralia.com.au/what-is-a-dvo-how-to-apply-for-a-domestic-violence-order/,,390,24,12,12,13,25
"Different Between Parenting Mediation or Custody Mediation",https://mediationsaustralia.com.au/what-you-need-to-know-about-parenting-plans/,,0,20,1,1,1,29
"Difference Between Separation and Divorce",https://mediationsaustralia.com.au/separation-or-divorce-which-is-better/,,170,25,39,48,49,31
"Separation Agreements",https://mediationsaustralia.com.au/family-law-separation-agreements-the-2024-guide/,,320,-,12,12,13,15
"Intervention orders",https://mediationsaustralia.com.au/intervention-orders/,,2900,-,-,-,-,-
"What is an Intervention Order",https://mediationsaustralia.com.au/what-is-a-restraining-order/,,0,-,-,-,-,-
"Surrogacy Laws in Australia",https://mediationsaustralia.com.au/surrogacy-laws-in-australia-2024/,,260,31,37,37,29,31
"Role of lawyers in Mediation",https://mediationsaustralia.com.au/the-role-of-the-lawyer-in-mediation/,,10,60,28,29,91,62
"What is a Section 60I Certificate?",https://mediationsaustralia.com.au/what-is-a-section-60i-certificate-why-do-i-need-one/,,0,42,56,49,56,59
"How Does Divorce Impact My Business?",https://mediationsaustralia.com.au/what-happens-to-business-in-divorce/,,0,57,12,11,10,56
"Online Divorce Form",https://mediationsaustralia.com.au/application-for-divorce/,,30,12,16,-,17,22
"Apply Divorce Online",https://mediationsaustralia.com.au/application-for-divorce/,,480,22,-,22,19,26
"Rights During Legal Separation",https://mediationsaustralia.com.au/what-am-i-entitled-to-in-a-separation/,,0,66,66,73,75,70
"rules of separation in marriage",https://mediationsaustralia.com.au/the-marriage-separation-process-in-nsw/,,50,55,58,71,28,16
"what is partial & full mediation",https://mediationsaustralia.com.au/family-mediation-process-guide/,,0,-,-,-,-,-
"What is mediation?",https://mediationsaustralia.com.au/what-is-mediation-in-family-law/,,0,62,45,31,24,65
"Is Mediation Expensive?",https://mediationsaustralia.com.au/is-mediation-expensive/,,0,4,3,3,2,1
"cost of mediation",https://mediationsaustralia.com.au/costs-of-mediation/,,140,2,3,3,3,9
"What is the cost of mediation",https://mediationsaustralia.com.au/costs-of-mediation/,,10,5,3,3,3,14
"Preparing for Mediation",https://mediationsaustralia.com.au/preparing-for-mediation/,,30,1,1,1,1,1
"What is the Difference Between Litigation & Mediation",https://mediationsaustralia.com.au/mediation-or-litigation-what-is-the-best/,,0,19,18,19,20,42
"Matrimonial Property Pool",https://mediationsaustralia.com.au/what-is-included-in-a-matrimonial-property-pool/,,0,3,4,4,2,3
"Difference Between a De Facto Relationship and Marriage",https://mediationsaustralia.com.au/whats-the-difference-between-a-de-facto-relationship-and-marriage/,,0,31,31,31,33,63
"Property Settlement Dispute",https://mediationsaustralia.com.au/property-settlement-in-family-law/,,0,22,26,25,23,17
"Simple Mediation Agreements",https://mediationsaustralia.com.au/are-mediation-agreements-legally-binding/,,0,35,37,37,35,31
"Difference Between Mediation & Conciliation",https://mediationsaustralia.com.au/difference-between-mediation-conciliation/,,0,2,2,2,2,2
"How to Convince Your Ex-Partner to Do Mediation",https://mediationsaustralia.com.au/how-to-convince-your-ex-partner-to-do-mediation/,,0,1,2,2,1,1
"Financial Agreements Mediation",https://mediationsaustralia.com.au/financial-agreements-mediation/,,0,1,1,1,11,1
"Property Settlements Work",https://mediationsaustralia.com.au/how-property-settlements-work/,,0,46,-,-,-,-
"What am I entitled to in a separation Australia?",https://mediationsaustralia.com.au/what-am-i-entitled-to-in-a-separation/,,0,32,19,21,21,34
"Restraining Order Divorce",https://mediationsaustralia.com.au/what-is-a-restraining-order/,,10,14,14,13,22,14
"Benefits of Using Mediation for Child Custody Disputes",https://mediationsaustralia.com.au/what-is-child-custody-mediation/,,0,9,1,1,1,9
"Costs of judicial proceedings",https://mediationsaustralia.com.au/costs-of-going-to-court/,,0,-,-,73,-,61
"De Facto Relationships",https://mediationsaustralia.com.au/de-facto-relationships/,,9900,-,-,-,-,-
"Divorce Application",https://mediationsaustralia.com.au/application-for-divorce/,,4400,21,26,23,23,22
"Parent Mediation",https://mediationsaustralia.com.au/family-court-mediation-process/,,140,19,8,7,8,20
"Five Benefits of Using Mediation to Resolve Divorce",https://mediationsaustralia.com.au/why-mediation-works-the-science-behind-it/,,0,2,1,1,34,58
"Consent Orders",https://mediationsaustralia.com.au/consent-orders-2025-update/,,2400,25,27,26,26,18
"What is a DVO?",https://mediationsaustralia.com.au/what-is-a-dvo-how-to-apply-for-a-domestic-violence-order/,,0,11,10,12,13,25
"What is Common Questions About Mediation",https://mediationsaustralia.com.au/the-7-most-common-questions-about-mediation/,,0,5,1,1,1,5
"Family law Separation Agreements",https://mediationsaustralia.com.au/family-law-separation-agreements-the-2024-guide/,,0,94,4,4,4,11
"What is Mediation Cost",https://mediationsaustralia.com.au/mediation-who-pays/,,0,3,2,2,2,4
"can an ex wife claim after divorce",https://mediationsaustralia.com.au/can-my-ex-wife-claim-money-after-divorce-in-australia/,,20,2,2,2,2,2
"Tips for Preparing for mediation",https://mediationsaustralia.com.au/preparing-for-mediation/,,0,1,1,1,1,3
"Section 60i Certificate",https://mediationsaustralia.com.au/what-is-a-section-60i-certificate-why-do-i-need-one/,,720,-,-,39,49,58
"How to Resolve Family Law Disputes",https://mediationsaustralia.com.au/mediation-in-family-law-a-comprehensive-guide/,,0,27,18,37,45,45
"Divorce Cost in Australia",https://mediationsaustralia.com.au/divorce-fees-in-australia/,,390,28,18,15,19,34
"What's the Role of Lawyers in Mediation",https://mediationsaustralia.com.au/mediation/,,0,25,5,28,30,25
"How to Resolve Family Law Disputes online",https://mediationsaustralia.com.au/perth-mediation/,,0,63,74,76,77,63
"is family law mediation compulsory",https://mediationsaustralia.com.au/is-family-law-mediation-compulsory/,,0,33,26,28,23,28
"Parenting Mediation",https://mediationsaustralia.com.au/parenting-plan-mediation/,,140,16,7,10,6,21
"Property Settlement Cases",https://mediationsaustralia.com.au/property-settlement-in-family-law/,,0,27,31,27,27,37
"Mediation vs. Collaboration",https://mediationsaustralia.com.au/collaborative-family-lawyers/,,0,7,1,2,2,14
"How Do I Get a Divorce",https://mediationsaustralia.com.au/application-for-divorce/,,90,45,49,50,50,44
"Child Custody Mediation",https://mediationsaustralia.com.au/what-is-child-custody-mediation/,,140,42,8,8,7,9
"family lawyers Brisbane",https://mediationsaustralia.com.au/brisbane-family-lawyers/,,10,-,-,-,-,-
"Adelaide family lawyers",https://mediationsaustralia.com.au/adelaide-family-lawyers/,,10,-,-,-,-,-
"Perth Family Lawyers",https://mediationsaustralia.com.au/perth-family-lawyers/,,3600,-,-,-,-,-
"separated under one roof",https://mediationsaustralia.com.au/separated-under-one-roof/,,1600,4,5,5,5,7
"breach of family court order",https://mediationsaustralia.com.au/what-happens-if-you-breach-a-family-court-order/,,110,-,-,-,-,-
"parental alienation australia",https://mediationsaustralia.com.au/parental-alienation-australia-dont-let-your-ex-destroy-your-childs-love-for-you/,,480,27,20,24,23,29
"consent order",https://mediationsaustralia.com.au/consent-orders-2025-update/,,1300,13,20,18,14,12
"mediation with a narcissist",https://mediationsaustralia.com.au/mediation-with-a-narcissist/,,30,2,2,2,3,2
"spousal maintenance",https://mediationsaustralia.com.au/spousal-maintenance/,,110,76,-,81,-,76
"what is an avo",https://mediationsaustralia.com.au/what-is-an-avo/,,50,68,72,71,72,78
"cost of divorce",https://mediationsaustralia.com.au/cost-of-divorce-in-australia/,,170,17,17,17,18,36
"australia lgbt marriage",https://mediationsaustralia.com.au/australia-lgbt-marriage-mediation/,,10,6,5,5,5,5
"same sex divorce Australia",https://mediationsaustralia.com.au/same-sex-divorce-in-australia/,,10,6,2,2,2,6

"Google Australia (Sydney, New South Wales, Australia), interface language: English"
Keyword,URL,Tags,"Search vol.",2026-05-30,2026-05-31,2026-06-01,2026-06-02,2026-06-03
"Family law mediation",https://mediationsaustralia.com.au/sydney-mediation/,Focus,10,27,7,12,12,29
Mediation,https://mediationsaustralia.com.au/family-mediation-process-guide/,,9900,27,10,10,13,27
Mediators,https://mediationsaustralia.com.au/,Focus,14800,20,14,11,12,18
"Brisbane mediation",https://mediationsaustralia.com.au/,Focus,390,36,47,45,45,40
"Sydney mediation",https://mediationsaustralia.com.au/sydney-mediation/,Focus,170,34,37,37,35,34
"Melbourne mediation",https://mediationsaustralia.com.au/,Focus,210,34,34,36,35,34
"Perth mediation",https://mediationsaustralia.com.au/perth-mediation/,Focus,390,37,5,23,31,44
"Find a mediator",https://mediationsaustralia.com.au/,,30,33,19,16,4,27
"Best mediators",https://mediationsaustralia.com.au/,,10,17,16,14,16,21
"Mediation parenting matters",https://mediationsaustralia.com.au/family-court-mediation-process/,,0,33,24,24,33,38
"Mediation property matters",https://mediationsaustralia.com.au/property-settlement-mediation/,,0,3,2,2,2,3
"Family law mediation Australia",https://mediationsaustralia.com.au/,,10,6,5,5,5,6
"Adelaide Mediation",https://mediationsaustralia.com.au/adelaide-mediation/,,0,8,11,15,18,16
"Cairns Mediation",https://mediationsaustralia.com.au/cairns-mediation/,,0,17,19,14,18,16
"Canberra Mediation",https://mediationsaustralia.com.au/canberra-mediation/,,70,28,16,18,17,29
"Darwin Mediation",https://mediationsaustralia.com.au/darwin-mediation/,,0,2,8,13,14,9
"Gold Coast Mediation",https://mediationsaustralia.com.au/gold-coast-mediation/,,210,28,25,23,19,26
"Hobart Mediation",https://mediationsaustralia.com.au/hobart-mediation/,,0,4,17,13,13,4
"Rockhampton Mediation",https://mediationsaustralia.com.au/rockhampton-mediation/,,10,1,2,2,1,1
"Toowoomba Mediation",https://mediationsaustralia.com.au/toowoomba-mediation/,,0,3,4,4,4,3
"Townsville Mediation",https://mediationsaustralia.com.au/townsville-mediation/,,0,16,24,23,23,17
"Sunshine Coast Mediation",https://mediationsaustralia.com.au/sunshine-coast-mediation/,,210,3,20,22,22,3
"Wollongong Mediation",https://mediationsaustralia.com.au/wollongong-mediation/,,40,3,7,7,9,3
"Geelong Mediation",https://mediationsaustralia.com.au/geelong-mediation/,,0,9,9,8,6,2
"Launceston Mediation",https://mediationsaustralia.com.au/launceston-mediation/,,0,12,1,1,1,12
"Mackay Mediation",https://mediationsaustralia.com.au/mackay-mediation/,,0,3,3,3,3,3
"Newcastle Mediation",https://mediationsaustralia.com.au/newcastle-mediation/,,70,35,30,30,28,35
"Bendigo Mediation",https://mediationsaustralia.com.au/bendigo-mediation/,,70,5,4,4,4,4
"Coffs Harbour Mediation",https://mediationsaustralia.com.au/coffs-harbour-mediation/,,0,6,1,1,1,6
"Perth Family Lawyers",https://mediationsaustralia.com.au/perth-family-lawyers/,,3600,-,-,-,-,-
"Canberra Family Lawyers",https://mediationsaustralia.com.au/canberra-family-lawyers/,,10,32,34,33,23,41
"Online Divorce",https://mediationsaustralia.com.au/online-divorce/,,720,20,20,12,19,21
"Property Settlement Mediation",https://mediationsaustralia.com.au/property-settlement-mediation/,,210,9,8,17,17,9
"Co-Parenting Mediation",https://mediationsaustralia.com.au/what-is-child-custody-mediation/,,30,13,12,11,14,13
"The Different Ways to Resolve Family Law Disputes",https://mediationsaustralia.com.au/high-conflict-family-law-mediation/,,0,24,37,38,35,55
"Binding Financial Agreements",https://mediationsaustralia.com.au/binding-financial-agreement/,,40,-,-,-,-,-
"Different Between Mediation & Collaborative Law",https://mediationsaustralia.com.au/mediation-vs-collaborative-law/,,0,1,1,1,1,1
"What is a DVO",https://mediationsaustralia.com.au/what-is-a-dvo-how-to-apply-for-a-domestic-violence-order/,,390,30,9,12,12,25
"Different Between Parenting Mediation or Custody Mediation",https://mediationsaustralia.com.au/what-you-need-to-know-about-parenting-plans/,,0,20,1,1,1,19
"Difference Between Separation and Divorce",https://mediationsaustralia.com.au/separation-or-divorce-which-is-better/,,170,26,44,40,49,32
"Separation Agreements",https://mediationsaustralia.com.au/family-law-separation-agreements-the-2024-guide/,,320,15,13,4,13,16
"Intervention orders",https://mediationsaustralia.com.au/intervention-orders/,,2900,-,-,-,-,-
"What is an Intervention Order",https://mediationsaustralia.com.au/intervention-orders/,,0,-,-,-,-,-
"Surrogacy Laws in Australia",https://mediationsaustralia.com.au/surrogacy-laws-in-australia-2024/,,260,31,37,37,34,33
"Role of lawyers in Mediation",https://mediationsaustralia.com.au/the-role-of-the-lawyer-in-mediation/,,10,60,27,28,30,64
"What is a Section 60I Certificate?",https://mediationsaustralia.com.au/section-601-certificate-mediation/,,0,58,58,19,57,56
"How Does Divorce Impact My Business?",https://mediationsaustralia.com.au/what-happens-to-business-in-divorce/,,0,59,2,2,2,58
"Online Divorce Form",https://mediationsaustralia.com.au/application-for-divorce/,,30,9,14,17,21,19
"Apply Divorce Online",https://mediationsaustralia.com.au/application-for-divorce/,,480,14,18,16,17,20
"Rights During Legal Separation",https://mediationsaustralia.com.au/what-am-i-entitled-to-in-a-separation/,,0,20,72,74,-,69
"rules of separation in marriage",https://mediationsaustralia.com.au/the-marriage-separation-process-in-nsw/,,50,7,5,4,14,8
"what is partial & full mediation",https://mediationsaustralia.com.au/family-mediation-process-guide/,,0,-,-,-,-,-
"What is mediation?",https://mediationsaustralia.com.au/what-is-mediation-in-family-law/,,0,65,21,45,44,65
"Is Mediation Expensive?",https://mediationsaustralia.com.au/costs-of-mediation/,,0,2,1,2,2,1
"cost of mediation",https://mediationsaustralia.com.au/costs-of-mediation/,,140,2,1,1,1,2
"What is the cost of mediation",https://mediationsaustralia.com.au/costs-of-mediation/,,10,3,1,1,1,3
"Preparing for Mediation",https://mediationsaustralia.com.au/preparing-for-mediation/,,30,2,2,2,2,2
"What is the Difference Between Litigation & Mediation",https://mediationsaustralia.com.au/mediation-or-litigation-what-is-the-best/,,0,58,20,20,60,41
"Matrimonial Property Pool",https://mediationsaustralia.com.au/what-is-included-in-a-matrimonial-property-pool/,,0,3,4,2,4,3
"Difference Between a De Facto Relationship and Marriage",https://mediationsaustralia.com.au/whats-the-difference-between-a-de-facto-relationship-and-marriage/,,0,30,28,29,28,54
"Property Settlement Dispute",https://mediationsaustralia.com.au/property-settlement-in-family-law/,,0,19,5,18,20,24
"Simple Mediation Agreements",https://mediationsaustralia.com.au/are-mediation-agreements-legally-binding/,,0,40,39,36,38,31
"Difference Between Mediation & Conciliation",https://mediationsaustralia.com.au/difference-between-mediation-conciliation/,,0,2,2,2,2,2
"How to Convince Your Ex-Partner to Do Mediation",https://mediationsaustralia.com.au/how-to-convince-your-ex-partner-to-do-mediation/,,0,1,1,1,1,1
"Financial Agreements Mediation",https://mediationsaustralia.com.au/financial-agreements-mediation/,,0,2,1,1,1,2
"Property Settlements Work",https://mediationsaustralia.com.au/how-property-settlements-work/,,0,29,-,-,-,-
"What am I entitled to in a separation Australia?",https://mediationsaustralia.com.au/what-am-i-entitled-to-in-a-separation/,,0,19,20,21,21,30
"Restraining Order Divorce",https://mediationsaustralia.com.au/what-is-a-restraining-order/,,10,14,10,11,9,15
"Benefits of Using Mediation for Child Custody Disputes",https://mediationsaustralia.com.au/what-is-child-custody-mediation/,,0,9,1,1,1,9
"Costs of judicial proceedings",https://mediationsaustralia.com.au/costs-of-going-to-court/,,0,-,-,-,-,-
"De Facto Relationships",https://mediationsaustralia.com.au/de-facto-relationships/,,9900,-,-,-,-,-
"Divorce Application",https://mediationsaustralia.com.au/application-for-divorce/,,4400,26,22,26,7,26
"Parent Mediation",https://mediationsaustralia.com.au/what-is-child-custody-mediation/,,140,16,16,3,89,29
"Five Benefits of Using Mediation to Resolve Divorce",https://mediationsaustralia.com.au/five-benefits-of-using-mediation-to-resolve-divorce-issues/,,0,2,1,2,1,-
"Consent Orders",https://mediationsaustralia.com.au/consent-orders-2025-update/,,2400,23,29,29,30,16
"What is a DVO?",https://mediationsaustralia.com.au/what-is-a-dvo-how-to-apply-for-a-domestic-violence-order/,,0,11,10,14,12,30
"What is Common Questions About Mediation",https://mediationsaustralia.com.au/the-7-most-common-questions-about-mediation/,,0,7,1,1,1,6
"Family law Separation Agreements",https://mediationsaustralia.com.au/family-law-separation-agreements-the-2024-guide/,,0,12,4,4,9,13
"What is Mediation Cost",https://mediationsaustralia.com.au/costs-of-mediation/,,0,2,1,1,1,2
"can an ex wife claim after divorce",https://mediationsaustralia.com.au/can-my-ex-wife-claim-money-after-divorce-in-australia/,,20,2,2,2,2,2
"Tips for Preparing for mediation",https://mediationsaustralia.com.au/preparing-for-mediation/,,0,2,2,2,2,2
"Section 60i Certificate",https://mediationsaustralia.com.au/what-is-a-section-60i-certificate-why-do-i-need-one/,,720,-,-,-,58,57
"How to Resolve Family Law Disputes",https://mediationsaustralia.com.au/mediation-in-family-law-a-comprehensive-guide/,,0,34,37,89,51,45
"Divorce Cost in Australia",https://mediationsaustralia.com.au/divorce-fees-in-australia/,,390,17,18,18,19,35
"What's the Role of Lawyers in Mediation",https://mediationsaustralia.com.au/mediation/,,0,24,66,16,29,25
"How to Resolve Family Law Disputes online",https://mediationsaustralia.com.au/perth-mediation/,,0,62,-,71,70,-
"is family law mediation compulsory",https://mediationsaustralia.com.au/is-family-law-mediation-compulsory/,,0,35,28,30,29,38
"Parenting Mediation",https://mediationsaustralia.com.au/sydney-mediation/,,140,25,10,13,12,42
"Property Settlement Cases",https://mediationsaustralia.com.au/property-settlement-in-family-law/,,0,41,29,21,24,39
"Mediation vs. Collaboration",https://mediationsaustralia.com.au/collaborative-family-lawyers/,,0,14,2,2,2,15
"How Do I Get a Divorce",https://mediationsaustralia.com.au/application-for-divorce/,,90,40,40,39,40,38
"Child Custody Mediation",https://mediationsaustralia.com.au/what-is-child-custody-mediation/,,140,7,7,7,6,2
"family lawyers Brisbane",https://mediationsaustralia.com.au/brisbane-family-lawyers/,,10,-,-,-,-,-
"Adelaide family lawyers",https://mediationsaustralia.com.au/adelaide-family-lawyers/,,10,-,-,-,-,-
"Perth Family Lawyers",https://mediationsaustralia.com.au/perth-family-lawyers/,,3600,-,-,-,-,-
"separated under one roof",https://mediationsaustralia.com.au/separated-under-one-roof/,,1600,5,8,8,5,4
"breach of family court order",https://mediationsaustralia.com.au/what-happens-if-you-breach-a-family-court-order/,,110,-,-,-,-,-
"parental alienation australia",https://mediationsaustralia.com.au/parental-alienation-australia-dont-let-your-ex-destroy-your-childs-love-for-you/,,480,26,21,24,23,29
"consent order",https://mediationsaustralia.com.au/consent-orders-2025-update/,,1300,14,21,17,21,17
"mediation with a narcissist",https://mediationsaustralia.com.au/mediation-with-a-narcissist/,,30,2,2,2,2,2
"spousal maintenance",https://mediationsaustralia.com.au/spousal-maintenance/,,110,74,75,-,-,74
"what is an avo",https://mediationsaustralia.com.au/what-is-an-avo/,,50,50,20,82,82,28
"cost of divorce",https://mediationsaustralia.com.au/cost-of-divorce-in-australia/,,170,42,18,16,3,41
"australia lgbt marriage",https://mediationsaustralia.com.au/australia-lgbt-marriage-mediation/,,10,6,5,5,5,5
"same sex divorce Australia",https://mediationsaustralia.com.au/same-sex-divorce-in-australia/,,10,5,2,2,2,5

"Google Australia (Perth, Western Australia, Australia), interface language: English"
Keyword,URL,Tags,"Search vol.",2026-05-30,2026-05-31,2026-06-01,2026-06-02,2026-06-03
"Family law mediation",https://mediationsaustralia.com.au/perth-mediation/,Focus,10,33,22,21,19,40
Mediation,https://mediationsaustralia.com.au/family-mediation-process-guide/,,9900,27,20,20,33,28
Mediators,https://mediationsaustralia.com.au/,Focus,14800,13,15,13,13,28
"Brisbane mediation",https://mediationsaustralia.com.au/brisbane-mediation/,Focus,390,40,48,47,50,39
"Sydney mediation",https://mediationsaustralia.com.au/sydney-mediation/,Focus,170,36,38,35,35,34
"Melbourne mediation",https://mediationsaustralia.com.au/melbourne-mediation/,Focus,210,37,33,32,45,48
"Perth mediation",https://mediationsaustralia.com.au/perth-mediation/,Focus,390,31,31,33,33,42
"Find a mediator",https://mediationsaustralia.com.au/,,30,51,34,20,29,49
"Best mediators",https://mediationsaustralia.com.au/our-mediators/,,10,10,9,12,9,26
"Mediation parenting matters",https://mediationsaustralia.com.au/parenting-plan-mediation/,,0,26,20,18,17,79
"Mediation property matters",https://mediationsaustralia.com.au/mediation-in-property-settlement-cases/,,0,19,13,16,18,22
"Family law mediation Australia",https://mediationsaustralia.com.au/,,10,8,8,8,8,8
"Adelaide Mediation",https://mediationsaustralia.com.au/adelaide-mediation/,,0,15,16,14,15,14
"Cairns Mediation",https://mediationsaustralia.com.au/cairns-mediation/,,0,18,14,15,16,18
"Canberra Mediation",https://mediationsaustralia.com.au/canberra-mediation/,,70,29,17,17,17,29
"Darwin Mediation",https://mediationsaustralia.com.au/darwin-mediation/,,0,7,32,16,15,9
"Gold Coast Mediation",https://mediationsaustralia.com.au/gold-coast-mediation/,,210,25,22,24,24,28
"Hobart Mediation",https://mediationsaustralia.com.au/hobart-mediation/,,0,4,13,13,13,4
"Rockhampton Mediation",https://mediationsaustralia.com.au/rockhampton-mediation/,,10,1,4,4,4,1
"Toowoomba Mediation",https://mediationsaustralia.com.au/toowoomba-mediation/,,0,4,4,4,4,4
"Townsville Mediation",https://mediationsaustralia.com.au/townsville-mediation/,,0,16,24,24,24,15
"Sunshine Coast Mediation",https://mediationsaustralia.com.au/sunshine-coast-mediation/,,210,-,22,23,22,3
"Wollongong Mediation",https://mediationsaustralia.com.au/wollongong-mediation/,,40,3,17,15,18,3
"Geelong Mediation",https://mediationsaustralia.com.au/geelong-mediation/,,0,8,8,8,25,9
"Launceston Mediation",https://mediationsaustralia.com.au/contact-us/,,0,8,8,8,8,12
"Mackay Mediation",https://mediationsaustralia.com.au/mackay-mediation/,,0,3,3,5,5,3
"Newcastle Mediation",https://mediationsaustralia.com.au/newcastle-mediation/,,70,36,32,35,35,42
"Bendigo Mediation",https://mediationsaustralia.com.au/bendigo-mediation/,,70,5,4,4,4,5
"Coffs Harbour Mediation",https://mediationsaustralia.com.au/coffs-harbour-mediation/,,0,6,1,1,1,6
"Perth Family Lawyers",https://mediationsaustralia.com.au/perth-family-lawyers/,,3600,-,-,-,-,-
"Canberra Family Lawyers",https://mediationsaustralia.com.au/canberra-family-lawyers/,,10,42,34,33,35,41
"Online Divorce",https://mediationsaustralia.com.au/online-divorce/,,720,17,39,18,21,17
"Property Settlement Mediation",https://mediationsaustralia.com.au/how-to-resolve-your-property-settlement-with-mediation-in-australia/,,210,17,13,13,24,16
"Co-Parenting Mediation",https://mediationsaustralia.com.au/what-is-child-custody-mediation/,,30,11,11,13,12,10
"The Different Ways to Resolve Family Law Disputes",https://mediationsaustralia.com.au/high-conflict-family-law-mediation/,,0,42,51,57,38,50
"Binding Financial Agreements",https://mediationsaustralia.com.au/binding-financial-agreement/,,40,-,-,-,-,-
"Different Between Mediation & Collaborative Law",https://mediationsaustralia.com.au/mediation-vs-collaborative-law/,,0,1,1,1,1,1
"What is a DVO",https://mediationsaustralia.com.au/what-is-a-dvo-everything-you-need-to-know/,,390,11,2,12,13,13
"Different Between Parenting Mediation or Custody Mediation",https://mediationsaustralia.com.au/what-you-need-to-know-about-parenting-plans/,,0,16,1,1,1,18
"Difference Between Separation and Divorce",https://mediationsaustralia.com.au/separation-or-divorce-which-is-better/,,170,27,47,48,50,33
"Separation Agreements",https://mediationsaustralia.com.au/family-law-separation-agreements-the-2024-guide/,,320,13,11,11,11,15
"Intervention orders",https://mediationsaustralia.com.au/intervention-orders/,,2900,-,-,-,-,-
"What is an Intervention Order",https://mediationsaustralia.com.au/what-is-a-restraining-order/,,0,-,-,-,-,-
"Surrogacy Laws in Australia",https://mediationsaustralia.com.au/surrogacy-laws-in-australia-2024/,,260,32,34,33,35,33
"Role of lawyers in Mediation",https://mediationsaustralia.com.au/the-role-of-the-lawyer-in-mediation/,,10,92,33,39,30,64
"What is a Section 60I Certificate?",https://mediationsaustralia.com.au/what-is-a-section-60i-certificate-why-do-i-need-one/,,0,19,31,58,55,56
"How Does Divorce Impact My Business?",https://mediationsaustralia.com.au/what-happens-to-business-in-divorce/,,0,10,11,2,11,56
"Online Divorce Form",https://mediationsaustralia.com.au/application-for-divorce/,,30,11,15,37,28,18
"Apply Divorce Online",https://mediationsaustralia.com.au/application-for-divorce/,,480,12,13,12,12,13
"Rights During Legal Separation",https://mediationsaustralia.com.au/what-am-i-entitled-to-in-a-separation/,,0,65,68,68,78,54
"rules of separation in marriage",https://mediationsaustralia.com.au/the-marriage-separation-process-in-nsw/,,50,56,74,70,74,15
"what is partial & full mediation",https://mediationsaustralia.com.au/mediation-in-family-law-a-comprehensive-guide/,,0,-,-,-,-,-
"What is mediation?",https://mediationsaustralia.com.au/what-is-mediation-in-family-law/,,0,70,52,42,25,65
"Is Mediation Expensive?",https://mediationsaustralia.com.au/is-mediation-expensive/,,0,3,2,2,2,3
"cost of mediation",https://mediationsaustralia.com.au/costs-of-mediation/,,140,3,2,2,2,11
"What is the cost of mediation",https://mediationsaustralia.com.au/costs-of-mediation/,,10,17,2,2,2,15
"Preparing for Mediation",https://mediationsaustralia.com.au/preparing-for-mediation/,,30,2,2,1,1,2
"What is the Difference Between Litigation & Mediation",https://mediationsaustralia.com.au/mediation-or-litigation-what-is-the-best/,,0,36,17,-,60,40
"Matrimonial Property Pool",https://mediationsaustralia.com.au/what-is-included-in-a-matrimonial-property-pool/,,0,4,11,15,5,4
"Difference Between a De Facto Relationship and Marriage",https://mediationsaustralia.com.au/whats-the-difference-between-a-de-facto-relationship-and-marriage/,,0,31,31,29,32,63
"Property Settlement Dispute",https://mediationsaustralia.com.au/property-settlement-in-family-law/,,0,22,22,20,20,19
"Simple Mediation Agreements",https://mediationsaustralia.com.au/are-mediation-agreements-legally-binding/,,0,39,37,37,33,31
"Difference Between Mediation & Conciliation",https://mediationsaustralia.com.au/difference-between-mediation-conciliation/,,0,2,2,2,2,2
"How to Convince Your Ex-Partner to Do Mediation",https://mediationsaustralia.com.au/how-to-convince-your-ex-partner-to-do-mediation/,,0,1,1,1,1,1
"Financial Agreements Mediation",https://mediationsaustralia.com.au/financial-agreements-mediation/,,0,1,1,1,1,1
"Property Settlements Work",https://mediationsaustralia.com.au/how-property-settlements-work/,,0,-,20,-,-,-
"What am I entitled to in a separation Australia?",https://mediationsaustralia.com.au/what-am-i-entitled-to-in-a-separation/,,0,19,19,20,22,34
"Restraining Order Divorce",https://mediationsaustralia.com.au/what-is-a-restraining-order/,,10,17,16,19,16,17
"Benefits of Using Mediation for Child Custody Disputes",https://mediationsaustralia.com.au/what-is-child-custody-mediation/,,0,5,1,3,1,8
"Costs of judicial proceedings",https://mediationsaustralia.com.au/costs-of-going-to-court/,,0,61,-,-,70,60
"De Facto Relationships",https://mediationsaustralia.com.au/de-facto-relationships/,,9900,-,-,-,-,-
"Divorce Application",https://mediationsaustralia.com.au/application-for-divorce/,,4400,22,18,22,-,22
"Parent Mediation",https://mediationsaustralia.com.au/family-court-mediation-process/,,140,25,26,24,25,25
"Five Benefits of Using Mediation to Resolve Divorce",https://mediationsaustralia.com.au/five-benefits-of-using-mediation-to-resolve-divorce-issues/,,0,2,1,1,34,2
"Consent Orders",https://mediationsaustralia.com.au/consent-orders-2025-update/,,2400,20,26,28,29,25
"What is a DVO?",https://mediationsaustralia.com.au/what-is-a-dvo-how-to-apply-for-a-domestic-violence-order/,,0,10,11,12,13,25
"What is Common Questions About Mediation",https://mediationsaustralia.com.au/the-7-most-common-questions-about-mediation/,,0,6,2,1,1,5
"Family law Separation Agreements",https://mediationsaustralia.com.au/family-law-separation-agreements-the-2024-guide/,,0,13,10,10,7,11
"What is Mediation Cost",https://mediationsaustralia.com.au/mediation-who-pays/,,0,3,2,2,2,4
"can an ex wife claim after divorce",https://mediationsaustralia.com.au/can-my-ex-wife-claim-money-after-divorce-in-australia/,,20,2,2,2,2,2
"Tips for Preparing for mediation",https://mediationsaustralia.com.au/preparing-for-mediation/,,0,17,2,2,2,2
"Section 60i Certificate",https://mediationsaustralia.com.au/what-is-a-section-60i-certificate-why-do-i-need-one/,,720,-,-,-,57,62
"How to Resolve Family Law Disputes",https://mediationsaustralia.com.au/perth-mediation/,,0,26,38,49,49,33
"Divorce Cost in Australia",https://mediationsaustralia.com.au/divorce-fees-in-australia/,,390,28,17,18,17,37
"What's the Role of Lawyers in Mediation",https://mediationsaustralia.com.au/the-role-of-the-lawyer-in-mediation/,,0,27,12,33,28,94
"How to Resolve Family Law Disputes online",https://mediationsaustralia.com.au/perth-mediation/,,0,46,64,79,69,-
"is family law mediation compulsory",https://mediationsaustralia.com.au/is-family-law-mediation-compulsory/,,0,27,20,16,15,35
"Parenting Mediation",https://mediationsaustralia.com.au/parenting-plan-mediation/,,140,38,22,19,19,43
"Property Settlement Cases",https://mediationsaustralia.com.au/property-settlement-in-family-law/,,0,54,29,34,25,41
"Mediation vs. Collaboration",https://mediationsaustralia.com.au/collaborative-family-lawyers/,,0,7,2,2,2,7
"How Do I Get a Divorce",https://mediationsaustralia.com.au/application-for-divorce/,,90,43,45,42,43,42
"Child Custody Mediation",https://mediationsaustralia.com.au/what-is-child-custody-mediation/,,140,9,7,9,9,8
"family lawyers Brisbane",https://mediationsaustralia.com.au/brisbane-family-lawyers/,,10,-,-,-,-,-
"Adelaide family lawyers",https://mediationsaustralia.com.au/adelaide-family-lawyers/,,10,-,-,-,-,-
"Perth Family Lawyers",https://mediationsaustralia.com.au/perth-family-lawyers/,,3600,-,-,-,-,-
"separated under one roof",https://mediationsaustralia.com.au/separated-under-one-roof/,,1600,5,5,5,5,5
"breach of family court order",https://mediationsaustralia.com.au/what-happens-if-you-breach-a-family-court-order/,,110,-,-,-,-,-
"parental alienation australia",https://mediationsaustralia.com.au/parental-alienation-australia-dont-let-your-ex-destroy-your-childs-love-for-you/,,480,25,21,22,23,29
"consent order",https://mediationsaustralia.com.au/consent-orders-2025-update/,,1300,13,22,17,17,16
"mediation with a narcissist",https://mediationsaustralia.com.au/mediation-with-a-narcissist/,,30,3,2,2,2,2
"spousal maintenance",https://mediationsaustralia.com.au/spousal-maintenance/,,110,81,-,-,-,82
"what is an avo",https://mediationsaustralia.com.au/what-is-an-avo/,,50,78,70,71,78,66
"cost of divorce",https://mediationsaustralia.com.au/divorce-fees-in-australia/,,170,39,14,17,17,31
"australia lgbt marriage",https://mediationsaustralia.com.au/australia-lgbt-marriage-mediation/,,10,6,5,5,5,5
"same sex divorce Australia",https://mediationsaustralia.com.au/same-sex-divorce-in-australia/,,10,5,2,2,2,5
